title,url
Parallel Keys - Length Selectable/Configurable,https://us.misumi-ec.com/vona2/detail/110302681730/?categoryCode=M1808000000
[Clean & Pack] Parallel Key,https://us.misumi-ec.com/vona2/detail/110310663839/?categoryCode=M1808000000
[Clean & Pack] Parallel Keys - with Tapped Hole,https://us.misumi-ec.com/vona2/detail/110310769589/?categoryCode=M1808000000
Parallel Keys - Counterbored,https://us.misumi-ec.com/vona2/detail/110300254130/?categoryCode=M1808000000
[Clean & Pack] Parallel Keys - with Tapped Counterbore Hole,https://us.misumi-ec.com/vona2/detail/110310769049/?categoryCode=M1808000000
[Clean & Pack] Parallel Keys - with Center Counterbored Type,https://us.misumi-ec.com/vona2/detail/110310769409/?categoryCode=M1808000000
[Clean & Pack] Parallel Keys - with Counterbored and Tapped Hole,https://us.misumi-ec.com/vona2/detail/110310769499/?categoryCode=M1808000000
Parallel Keys - Tapped Hole,https://us.misumi-ec.com/vona2/detail/110302405570/?categoryCode=M1808000000
Parallel Keys - Tapped and Counterbored Holes,https://us.misumi-ec.com/vona2/detail/110300254650/?categoryCode=M1808000000
"Parallel Keys - Tapped, Counterbored Hole",https://us.misumi-ec.com/vona2/detail/110300254040/?categoryCode=M1808000000
"Machine Keys - Free Length Series JIS B 1301, SEIKI Seisakusho【1-5 Pieces Per Package】",https://us.misumi-ec.com/vona2/detail/221004983234/?categoryCode=M1808000000
"Machine Keys - New JIS, Double Rounded【1-100 Pieces Per Package】",https://us.misumi-ec.com/vona2/detail/221000596971/?categoryCode=M1808000000
"Machine Keys - Series with Release Tap JIS B 1301, SEIKI Seisakusho",https://us.misumi-ec.com/vona2/detail/221004983245/?categoryCode=M1808000000
"Machine Keys - New JIS, One Side Round【1-500 Pieces Per Package】",https://us.misumi-ec.com/vona2/detail/221000596993/?categoryCode=M1808000000
"Parallel Keys - Standard Length, Width Selectable",https://us.misumi-ec.com/vona2/detail/110300253950/?categoryCode=M1808000000
"[Clean & Pack] Parallel Keys - Blank Type, Stainless Steel",https://us.misumi-ec.com/vona2/detail/110310769679/?categoryCode=M1808000000
"Machine Keys - New JIS, Double Square End【1-100 Pieces Per Package】",https://us.misumi-ec.com/vona2/detail/221000596982/?categoryCode=M1808000000
"Machine Keys - Parallel, Dual Round, Steel【5-10 Pieces Per Package】",https://us.misumi-ec.com/vona2/detail/221005502232/?categoryCode=M1808000000
Tapered Machine Keys - Gib Head,https://us.misumi-ec.com/vona2/detail/110302191120/?categoryCode=M1808000000
Machine Keys - Dual Round【1-150 Pieces Per Package】,https://us.misumi-ec.com/vona2/detail/221000569779/?categoryCode=M1808000000
"Machine Keys - Standard Series JIS B 1301, SEIKI Seisakusho",https://us.misumi-ec.com/vona2/detail/221004983223/?categoryCode=M1808000000
Parallel Keys - Stainless Steel,https://us.misumi-ec.com/vona2/detail/110302490020/?categoryCode=M1808000000
"Machine Keys - Parallel, New JIS",https://us.misumi-ec.com/vona2/detail/221005001179/?categoryCode=M1808000000
Machine Keys - Rounded,https://us.misumi-ec.com/vona2/detail/221303339365/?categoryCode=M1808000000
Machine Keys - Both End Square【1-100 Pieces Per Package】,https://us.misumi-ec.com/vona2/detail/221000569780/?categoryCode=M1808000000
"Machine Keys - Parallel, Former JIS",https://us.misumi-ec.com/vona2/detail/221005001180/?categoryCode=M1808000000
"Machine Key Stocks - Parallel, New JIS",https://us.misumi-ec.com/vona2/detail/221303339387/?categoryCode=M1808000000
Machine Keys - Steel,https://us.misumi-ec.com/vona2/detail/221005502221/?categoryCode=M1808000000
Loose Slot Tenons - DIN 6323,https://us.misumi-ec.com/vona2/detail/221005520636/?categoryCode=M1808000000
"Machine Keys - Single Round, SEIKI Seisakusho",https://us.misumi-ec.com/vona2/detail/221005663724/?categoryCode=M1808000000
"Machine Keys - Key Material, SEIKI Seisakusho",https://us.misumi-ec.com/vona2/detail/221004983256/?categoryCode=M1808000000
"Machine Keys - Parallel, Both Round, SEIKI Seisakusho",https://us.misumi-ec.com/vona2/detail/221005663757/?categoryCode=M1808000000
"Machine Keys - Parallel, Both Round, Himeno Precision Works, Inc",https://us.misumi-ec.com/vona2/detail/221005663768/?categoryCode=M1808000000
"Machine Keys - Parallel, SEIKI Seisakusho",https://us.misumi-ec.com/vona2/detail/221005663746/?categoryCode=M1808000000
Machine Keys - Square,https://us.misumi-ec.com/vona2/detail/221303339376/?categoryCode=M1808000000
"Machine Key Stocks - Parallel, Former JIS",https://us.misumi-ec.com/vona2/detail/221303339343/?categoryCode=M1808000000
